team,name,position,age,caps,club
Czechia,Matěj Kovář,GK,,20,PSV Eindhoven
Czechia,David Zima,DF,,25,SK Slavia Prague
Czechia,Tomáš Holeš,DF,,41,SK Slavia Prague
Czechia,Robin Hranáč,DF,,14,TSG 1899 Hoffenheim
Czechia,Vladimír Coufal,DF,,62,TSG 1899 Hoffenheim
Czechia,Štěpán Chaloupek,DF,,5,SK Slavia Prague
Czechia,Ladislav Krejčí,DF,,27,Wolverhampton Wanderers F.C.
Czechia,Vladimír Darida,MF,,79,FC Hradec Králové
Czechia,Adam Hložek,FW,,43,TSG 1899 Hoffenheim
Czechia,Patrik Schick,FW,,53,Bayer 04 Leverkusen
Czechia,Jan Kuchta,FW,,31,AC Sparta Prague
Czechia,Lukáš Červ,MF,,17,FC Viktoria Plzeň
Czechia,Mojmír Chytil,FW,,22,SK Slavia Prague
Czechia,David Jurásek,DF,,18,SK Slavia Prague
Czechia,Pavel Šulc,FW,,21,Olympique Lyonnais
Czechia,Jindřich Staněk,GK,,14,SK Slavia Prague
Czechia,Lukáš Provod,MF,,38,SK Slavia Prague
Czechia,Michal Sadílek,MF,,35,SK Slavia Prague
Czechia,Tomáš Chorý,FW,,22,SK Slavia Prague
Czechia,Jaroslav Zelený,DF,,23,AC Sparta Prague
Czechia,David Douděra,DF,,17,SK Slavia Prague
Czechia,Tomáš Souček,MF,,90,West Ham United F.C.
Czechia,Lukáš Horníček,GK,,1,S.C. Braga
Czechia,Alexandr Sojka,MF,,2,FC Viktoria Plzeň
Czechia,Hugo Sochůrek,MF,,1,AC Sparta Prague
Czechia,Denis Višinský,FW,,2,FC Viktoria Plzeň
Mexico,Raúl Rangel,GK,,14,C.D. Guadalajara
Mexico,Jorge Sánchez,DF,,59,PAOK FC
Mexico,César Montes,DF,,67,FC Lokomotiv Moscow
Mexico,Edson Álvarez,DF,,98,Fenerbahçe S.K.
Mexico,Johan Vásquez,DF,,46,Genoa CFC
Mexico,Érik Lira,MF,,25,Cruz Azul
Mexico,Luis Romo,MF,,63,C.D. Guadalajara
Mexico,Álvaro Fidalgo,MF,,4,Real Betis
Mexico,Raúl Jiménez,FW,,124,Fulham F.C.
Mexico,Alexis Vega,FW,,52,Toluca FC
Mexico,Santiago Giménez,FW,,47,AC Milan
Mexico,Carlos Acevedo,GK,,7,Santos Laguna
Mexico,Guillermo Ochoa,GK,,152,AEL Limassol
Mexico,Armando González,FW,,7,C.D. Guadalajara
Mexico,Israel Reyes,DF,,34,Club América
Mexico,Julián Quiñones,FW,,22,Al Qadsiah FC
Mexico,Orbelín Pineda,MF,,92,AEK Athens F.C.
Mexico,Obed Vargas,MF,,6,Atlético Madrid
Mexico,Gilberto Mora,MF,,8,Club Tijuana
Mexico,Mateo Chávez,DF,,10,AZ Alkmaar
Mexico,César Huerta,FW,,26,RSC Anderlecht
Mexico,Guillermo Martínez,FW,,12,Pumas UNAM
Mexico,Jesús Gallardo,DF,,121,Toluca FC
Mexico,Luis Chávez,MF,,45,FC Dynamo Moscow
Mexico,Roberto Alvarado,FW,,67,C.D. Guadalajara
Mexico,Brian Gutiérrez,MF,,7,C.D. Guadalajara
South Africa,Ronwen Williams,GK,,62,Mamelodi Sundowns F.C.
South Africa,Thabang Matuludi,DF,,3,Polokwane City F.C.
South Africa,Khulumani Ndamane,DF,,5,Mamelodi Sundowns F.C.
South Africa,Teboho Mokoena,MF,,51,Mamelodi Sundowns F.C.
South Africa,Thalente Mbatha,MF,,15,Orlando Pirates F.C.
South Africa,Aubrey Modiba,DF,,44,Mamelodi Sundowns F.C.
South Africa,Oswin Appollis,FW,,26,Orlando Pirates F.C.
South Africa,Tshepang Moremi,FW,,10,Orlando Pirates F.C.
South Africa,Lyle Foster,FW,,27,Burnley F.C.
South Africa,Relebohile Mofokeng,FW,,13,Orlando Pirates F.C.
South Africa,Themba Zwane,MF,,54,Mamelodi Sundowns F.C.
South Africa,Thapelo Maseko,FW,,10,AEL Limassol
South Africa,Sphephelo Sithole,MF,,28,C.D. Tondela
South Africa,Mbekezeli Mbokazi,DF,,10,Chicago Fire FC
South Africa,Iqraam Rayners,FW,,14,Mamelodi Sundowns F.C.
South Africa,Sipho Chaine,GK,,4,Orlando Pirates F.C.
South Africa,Evidence Makgopa,FW,,26,Orlando Pirates F.C.
South Africa,Samukele Kabini,DF,,6,Molde FK
South Africa,Nkosinathi Sibisi,DF,,20,Orlando Pirates F.C.
South Africa,Khuliso Mudau,DF,,32,Mamelodi Sundowns F.C.
South Africa,Ime Okon,DF,,8,Hannover 96
South Africa,Ricardo Goss,GK,,5,Siwelele F.C.
South Africa,Jayden Adams,MF,,5,Mamelodi Sundowns F.C.
South Africa,Olwethu Makhanya,DF,,1,Philadelphia Union
South Africa,Kamogelo Sebelebele,FW,,3,Orlando Pirates F.C.
South Africa,Bradley Cross,DF,,1,Kaizer Chiefs F.C.
South Korea,Kim Seung-gyu,GK,,87,FC Tokyo
South Korea,Lee Han-beom,DF,,8,FC Midtjylland
South Korea,Lee Gi-hyuk,MF,,3,Gangwon FC
South Korea,Kim Min-jae,DF,,79,FC Bayern Munich
South Korea,Kim Tae-hyeon,DF,,7,Kashima Antlers
South Korea,Hwang In-beom,MF,,73,Feyenoord
South Korea,Son Heung-min,FW,,144,Los Angeles FC
South Korea,Paik Seung-ho,MF,,27,Birmingham City F.C.
South Korea,Cho Gue-sung,FW,,44,FC Midtjylland
South Korea,Lee Jae-sung,MF,,105,1. FSV Mainz 05
South Korea,Hwang Hee-chan,MF,,79,Wolverhampton Wanderers F.C.
South Korea,Song Bum-keun,GK,,3,Jeonbuk Hyundai Motors
South Korea,Lee Tae-seok,DF,,15,FK Austria Wien
South Korea,Cho Wi-je,DF,,1,Jeonbuk Hyundai Motors
South Korea,Kim Moon-hwan,DF,,35,Daejeon Hana Citizen
South Korea,Park Jin-seob,DF,,14,Zhejiang Professional F.C.
South Korea,Bae Jun-ho,MF,,13,Stoke City F.C.
South Korea,Oh Hyeon-gyu,FW,,27,Beşiktaş J.K.
South Korea,Lee Kang-in,MF,,47,Paris Saint-Germain FC
South Korea,Yang Hyun-jun,MF,,9,Celtic F.C.
South Korea,Jo Hyeon-woo,GK,,48,Ulsan HD FC
South Korea,Seol Young-woo,DF,,34,Red Star Belgrade
South Korea,Jens Castrop,DF,,7,Borussia Mönchengladbach
South Korea,Kim Jin-gyu,MF,,22,Jeonbuk Hyundai Motors
South Korea,Eom Ji-sung,MF,,9,Swansea City A.F.C.
South Korea,Lee Dong-gyeong,MF,,18,Ulsan HD FC
Bosnia-Herzegovina,Nikola Vasilj,GK,,26,FC St. Pauli
Bosnia-Herzegovina,Nihad Mujakić,DF,,12,Gaziantep F.K.
Bosnia-Herzegovina,Dennis Hadžikadunić,DF,,32,UC Sampdoria
Bosnia-Herzegovina,Tarik Muharemović,DF,,14,US Sassuolo Calcio
Bosnia-Herzegovina,Sead Kolašinac,DF,,65,Atalanta BC
Bosnia-Herzegovina,Benjamin Tahirović,MF,,28,Brøndby IF
Bosnia-Herzegovina,Amar Dedić,DF,,28,S.L. Benfica
Bosnia-Herzegovina,Armin Gigović,MF,,20,BSC Young Boys
Bosnia-Herzegovina,Samed Baždar,FW,,13,Jagiellonia Białystok
Bosnia-Herzegovina,Ermedin Demirović,FW,,40,VfB Stuttgart
Bosnia-Herzegovina,Edin Džeko,FW,,148,FC Schalke 04
Bosnia-Herzegovina,Mladen Jurkas,GK,,0,FK Borac Banja Luka
Bosnia-Herzegovina,Ivan Bašić,MF,,17,FC Astana
Bosnia-Herzegovina,Ivan Šunjić,MF,,11,Pafos FC
Bosnia-Herzegovina,Amar Memić,MF,,13,FC Viktoria Plzeň
Bosnia-Herzegovina,Amir Hadžiahmetović,MF,,36,Hull City A.F.C.
Bosnia-Herzegovina,Dženis Burnić,MF,,20,Karlsruher SC
Bosnia-Herzegovina,Nikola Katić,DF,,17,FC Schalke 04
Bosnia-Herzegovina,Kerim Alajbegović,FW,,10,FC Red Bull Salzburg
Bosnia-Herzegovina,Esmir Bajraktarević,FW,,16,PSV Eindhoven
Bosnia-Herzegovina,Stjepan Radeljić,DF,,5,HNK Rijeka
Bosnia-Herzegovina,Martin Zlomislić,GK,,3,HNK Rijeka
Bosnia-Herzegovina,Haris Tabaković,FW,,10,Borussia Mönchengladbach
Bosnia-Herzegovina,Arjan Malić,DF,,8,SK Sturm Graz
Bosnia-Herzegovina,Jovo Lukić,FW,,3,FC Universitatea Cluj
Bosnia-Herzegovina,Ermin Mahmić,MF,,2,FC Slovan Liberec
Canada,Dayne St. Clair,GK,,20,Inter Miami CF
Canada,Alistair Johnston,DF,,58,Celtic F.C.
Canada,Alfie Jones,DF,,2,Middlesbrough F.C.
Canada,Luc de Fougerolles,DF,,13,FCV Dender EH
Canada,Joel Waterman,DF,,17,Chicago Fire FC
Canada,Mathieu Choinière,MF,,23,Los Angeles FC
Canada,Stephen Eustáquio,MF,,56,Los Angeles FC
Canada,Ismaël Koné,MF,,40,US Sassuolo Calcio
Canada,Cyle Larin,FW,,90,Southampton F.C.
Canada,Jonathan David,FW,,77,Juventus FC
Canada,Liam Millar,MF,,41,Hull City A.F.C.
Canada,Tani Oluwaseyi,FW,,24,Villarreal CF
Canada,Derek Cornelius,DF,,44,Rangers F.C.
Canada,Jacob Shaffelburg,MF,,31,Los Angeles FC
Canada,Moïse Bombito,DF,,20,OGC Nice
Canada,Maxime Crépeau,GK,,32,Orlando City SC
Canada,Tajon Buchanan,FW,,60,Villarreal CF
Canada,Owen Goodman,GK,,0,Barnsley F.C.
Canada,Alphonso Davies,DF,,58,FC Bayern Munich
Canada,Ali Ahmed,FW,,24,Norwich City F.C.
Canada,Jonathan Osorio,MF,,90,Toronto FC
Canada,Richie Laryea,DF,,75,Toronto FC
Canada,Niko Sigur,DF,,19,HNK Hajduk Split
Canada,Promise David,FW,,10,Royale Union Saint-Gilloise
Canada,Nathan Saliba,MF,,15,RSC Anderlecht
Canada,Jayden Nelson,FW,,14,Austin FC
Qatar,Mahmud Abunada,GK,,6,Al-Rayyan SC
Qatar,Pedro Miguel,DF,,105,Al Sadd SC
Qatar,Lucas Mendes,DF,,25,Al-Wakrah SC
Qatar,Issa Laye,DF,,4,Al-Arabi SC
Qatar,Jassem Gaber,DF,,32,Al-Rayyan SC
Qatar,Abdulaziz Hatem,MF,,119,Al-Rayyan SC
Qatar,Ahmed Alaaeldin,FW,,68,Al-Rayyan SC
Qatar,Edmilson Junior,FW,,16,Al Duhail SC
Qatar,Mohammed Muntari,FW,,67,Al-Gharafa SC
Qatar,Hassan Al-Haydos,FW,,186,Al Sadd SC
Qatar,Akram Afif,FW,,125,Al Sadd SC
Qatar,Karim Boudiaf,MF,,118,Al Duhail SC
Qatar,Ayoub Al-Oui,DF,,6,Al-Gharafa SC
Qatar,Homam Ahmed,DF,,68,Cultural y Deportiva Leonesa
Qatar,Yusuf Abdurisag,FW,,39,Al-Wakrah SC
Qatar,Boualem Khoukhi,DF,,116,Al Sadd SC
Qatar,Ahmed Al-Ganehi,MF,,13,Al-Gharafa SC
Qatar,Sultan Al-Brake,DF,,17,Al Duhail SC
Qatar,Almoez Ali,FW,,115,Al Duhail SC
Qatar,Ahmed Fathy,MF,,48,Al-Arabi SC
Qatar,Salah Zakaria,GK,,8,Al Duhail SC
Qatar,Meshaal Barsham,GK,,52,Al Sadd SC
Qatar,Assim Madibo,MF,,51,Al-Wakrah SC
Qatar,Tahsin Jamshid,FW,,3,Al Duhail SC
Qatar,Al-Hashmi Al-Hussain,DF,,8,Al-Arabi SC
Qatar,Mohamed Manai,FW,,10,Al-Shamal SC
Switzerland,Gregor Kobel,GK,,21,Borussia Dortmund
Switzerland,Miro Muheim,DF,,10,Hamburger SV
Switzerland,Silvan Widmer,DF,,60,1. FSV Mainz 05
Switzerland,Nico Elvedi,DF,,67,Borussia Mönchengladbach
Switzerland,Manuel Akanji,DF,,81,Inter Milan
Switzerland,Denis Zakaria,MF,,65,AS Monaco FC
Switzerland,Breel Embolo,FW,,86,Stade Rennais FC
Switzerland,Remo Freuler,MF,,88,Bologna FC 1909
Switzerland,Johan Manzambi,MF,,12,SC Freiburg
Switzerland,Granit Xhaka,MF,,146,Sunderland A.F.C.
Switzerland,Dan Ndoye,FW,,31,Nottingham Forest F.C.
Switzerland,Yvon Mvogo,GK,,13,FC Lorient
Switzerland,Ricardo Rodriguez,DF,,138,Real Betis
Switzerland,Ardon Jashari,MF,,8,AC Milan
Switzerland,Djibril Sow,MF,,52,Sevilla FC
Switzerland,Christian Fassnacht,FW,,23,BSC Young Boys
Switzerland,Rubén Vargas,FW,,61,Sevilla FC
Switzerland,Eray Cömert,DF,,22,Valencia CF
Switzerland,Noah Okafor,FW,,25,Leeds United F.C.
Switzerland,Michel Aebischer,MF,,40,Pisa SC
Switzerland,Marvin Keller,GK,,1,BSC Young Boys
Switzerland,Fabian Rieder,MF,,28,FC Augsburg
Switzerland,Zeki Amdouni,FW,,29,Burnley F.C.
Switzerland,Aurèle Amenda,DF,,7,Eintracht Frankfurt
Switzerland,Luca Jaquez,DF,,3,VfB Stuttgart
Switzerland,Cedric Itten,FW,,15,Fortuna Düsseldorf
Brazil,Alisson Becker,GK,,78,Liverpool F.C.
Brazil,Éderson,MF,,3,Atalanta BC
Brazil,Gabriel Magalhães,DF,,17,Arsenal F.C.
Brazil,Marquinhos,DF,,105,Paris Saint-Germain FC
Brazil,Casemiro,MF,,86,Manchester United F.C.
Brazil,Alex Sandro,DF,,45,CR Flamengo
Brazil,Vinícius Júnior,FW,,49,Real Madrid CF
Brazil,Bruno Guimarães,MF,,43,Newcastle United F.C.
Brazil,Matheus Cunha,FW,,23,Manchester United F.C.
Brazil,Neymar,FW,,128,Santos FC
Brazil,Raphinha,FW,,39,FC Barcelona
Brazil,Weverton,GK,,11,Grêmio FBPA
Brazil,Danilo,DF,,70,CR Flamengo
Brazil,Gleison Bremer,DF,,8,Juventus FC
Brazil,Léo Pereira,DF,,4,CR Flamengo
Brazil,Douglas Santos,DF,,7,FC Zenit Saint Petersburg
Brazil,Fabinho,MF,,33,Al-Ittihad Club
Brazil,Danilo,MF,,4,Botafogo FR
Brazil,Endrick,FW,,17,Olympique Lyonnais
Brazil,Lucas Paquetá,MF,,63,CR Flamengo
Brazil,Luiz Henrique,FW,,15,FC Zenit Saint Petersburg
Brazil,Gabriel Martinelli,FW,,23,Arsenal F.C.
Brazil,Ederson,GK,,32,Fenerbahçe S.K.
Brazil,Roger Ibañez,DF,,7,Al-Ahli Saudi FC
Brazil,Igor Thiago,FW,,4,Brentford F.C.
Brazil,Rayan,FW,,2,AFC Bournemouth
Haiti,Johny Placide,GK,,82,SC Bastia
Haiti,Carlens Arcus,DF,,56,Angers SCO
Haiti,Keeto Thermoncy,DF,,1,BSC Young Boys
Haiti,Ricardo Adé,DF,,59,LDU Quito
Haiti,Hannes Delcroix,DF,,7,FC Lugano
Haiti,Carl Sainté,MF,,26,El Paso Locomotive FC
Haiti,Derrick Etienne Jr.,FW,,51,Toronto FC
Haiti,Martin Expérience,DF,,21,AS Nancy Lorraine
Haiti,Duckens Nazon,FW,,82,Esteghlal F.C.
Haiti,Jean-Ricner Bellegarde,MF,,10,Wolverhampton Wanderers F.C.
Haiti,Louicius Deedson,FW,,32,FC Dallas
Haiti,Alexandre Pierre,GK,,16,FC Sochaux-Montbéliard
Haiti,Duke Lacroix,DF,,16,Colorado Springs Switchbacks FC
Haiti,Garven Metusala,DF,,16,Colorado Springs Switchbacks FC
Haiti,Ruben Providence,FW,,15,Almere City FC
Haiti,Lenny Joseph,FW,,2,Ferencvárosi TC
Haiti,Danley Jean Jacques,MF,,31,Philadelphia Union
Haiti,Wilson Isidor,FW,,4,Sunderland A.F.C.
Haiti,Yassin Fortuné,FW,,4,F.C. Vizela
Haiti,Frantzdy Pierrot,FW,,51,Çaykur Rizespor
Haiti,Josué Casimir,FW,,7,AJ Auxerre
Haiti,Jean-Kévin Duverne,DF,,17,KAA Gent
Haiti,Josué Duverger,GK,,7,FC Cosmos Koblenz
Haiti,Wilguens Paugain,DF,,8,SV Zulte Waregem
Haiti,Dominique Simon,MF,,2,1. FC Tatran Prešov
Haiti,Woodensky Pierre,MF,,1,Violette AC
Morocco,Yassine Bounou,GK,,90,Al Hilal SFC
Morocco,Achraf Hakimi,DF,,96,Paris Saint-Germain FC
Morocco,Noussair Mazraoui,DF,,45,Manchester United F.C.
Morocco,Sofyan Amrabat,MF,,75,Real Betis
Morocco,Marwane Saâdane,DF,,8,Al Fateh SC
Morocco,Ayyoub Bouaddi,MF,,3,Lille OSC
Morocco,Chemsdine Talbi,MF,,5,Sunderland A.F.C.
Morocco,Azzedine Ounahi,MF,,49,Girona FC
Morocco,Soufiane Rahimi,FW,,37,Al Ain FC
Morocco,Brahim Díaz,FW,,26,Real Madrid CF
Morocco,Ismael Saibari,MF,,30,PSV Eindhoven
Morocco,Munir Mohamedi,GK,,52,RS Berkane
Morocco,Zakaria El Ouahdi,DF,,3,KRC Genk
Morocco,Issa Diop,DF,,4,Fulham F.C.
Morocco,Samir El Mourabet,MF,,4,RC Strasbourg Alsace
Morocco,Gessime Yassine,MF,,4,RC Strasbourg Alsace
Morocco,Amine Sbaï,FW,,2,Angers SCO
Morocco,Chadi Riad,DF,,6,Crystal Palace F.C.
Morocco,Youssef Belammari,DF,,18,Al Ahly SC
Morocco,Ayoub El Kaabi,FW,,71,Olympiacos F.C.
Morocco,Ayoube Amaimouni,FW,,2,Eintracht Frankfurt
Morocco,Ahmed Reda Tagnaouti,GK,,3,AS FAR
Morocco,Bilal El Khannouss,MF,,37,VfB Stuttgart
Morocco,Neil El Aynaoui,MF,,16,AS Roma
Morocco,Redouane Halhal,DF,,3,KV Mechelen
Morocco,Anass Salah-Eddine,DF,,9,PSV Eindhoven
Scotland,Angus Gunn,GK,,22,Nottingham Forest F.C.
Scotland,Aaron Hickey,DF,,21,Brentford F.C.
Scotland,Andy Robertson,DF,,94,Liverpool F.C.
Scotland,Scott McTominay,MF,,70,SSC Napoli
Scotland,Grant Hanley,DF,,68,Hibernian F.C.
Scotland,Kieran Tierney,DF,,56,Celtic F.C.
Scotland,John McGinn,MF,,86,Aston Villa F.C.
Scotland,Tyler Fletcher,MF,,2,Manchester United F.C.
Scotland,Lyndon Dykes,FW,,51,Charlton Athletic F.C.
Scotland,Ché Adams,FW,,47,Torino FC
Scotland,Ryan Christie,MF,,68,AFC Bournemouth
Scotland,Liam Kelly,GK,,3,Rangers F.C.
Scotland,Jack Hendry,DF,,38,Al-Ettifaq Club
Scotland,Ross Stewart,FW,,3,Southampton F.C.
Scotland,John Souttar,DF,,24,Rangers F.C.
Scotland,Dominic Hyam,DF,,4,Wrexham A.F.C.
Scotland,Ben Gannon-Doak,FW,,14,AFC Bournemouth
Scotland,George Hirst,FW,,10,Ipswich Town F.C.
Scotland,Lewis Ferguson,MF,,24,Bologna FC 1909
Scotland,Lawrence Shankland,FW,,20,Heart of Midlothian F.C.
Scotland,Craig Gordon,GK,,84,Heart of Midlothian F.C.
Scotland,Nathan Patterson,DF,,26,Everton F.C.
Scotland,Kenny McLean,MF,,58,Norwich City F.C.
Scotland,Anthony Ralston,DF,,27,Celtic F.C.
Scotland,Findlay Curtis,FW,,3,Kilmarnock F.C.
Scotland,Scott McKenna,DF,,50,GNK Dinamo Zagreb
Australia,Mathew Ryan,GK,,104,Levante UD
Australia,Miloš Degenek,DF,,57,APOEL FC
Australia,Alessandro Circati,DF,,13,Parma Calcio 1913
Australia,Jacob Italiano,DF,,5,Grazer AK
Australia,Jordan Bos,DF,,27,Feyenoord
Australia,Jason Geria,DF,,14,Albirex Niigata
Australia,Mathew Leckie,FW,,80,Melbourne City FC
Australia,Connor Metcalfe,MF,,36,FC St. Pauli
Australia,Mohamed Touré,FW,,10,Norwich City F.C.
Australia,Ajdin Hrustic,FW,,37,Heracles Almelo
Australia,Awer Mabil,FW,,38,CD Castellón
Australia,Paul Izzo,GK,,4,Randers FC
Australia,Aiden O'Neill,MF,,31,New York City FC
Australia,Cammy Devlin,MF,,5,Heart of Midlothian F.C.
Australia,Kai Trewin,DF,,6,New York City FC
Australia,Aziz Behich,DF,,84,Melbourne City FC
Australia,Nestory Irankunda,FW,,15,Watford F.C.
Australia,Patrick Beach,GK,,2,Melbourne City FC
Australia,Harry Souttar,DF,,38,Leicester City F.C.
Australia,Cristian Volpato,FW,,1,US Sassuolo Calcio
Australia,Cameron Burgess,DF,,27,Swansea City A.F.C.
Australia,Jackson Irvine,MF,,82,FC St. Pauli
Australia,Nishan Velupillay,FW,,7,Melbourne Victory FC
Australia,Paul Okon-Engstler,MF,,6,Sydney FC
Australia,Lucas Herrington,DF,,4,Colorado Rapids
Australia,Tete Yengi,FW,,1,FC Machida Zelvia
Paraguay,Gatito Fernández,GK,,31,Cerro Porteño
Paraguay,Gustavo Velázquez,DF,,13,Cerro Porteño
Paraguay,Omar Alderete,DF,,36,Sunderland A.F.C.
Paraguay,Juan José Cáceres,DF,,17,FC Dynamo Moscow
Paraguay,Fabián Balbuena,DF,,48,Grêmio FBPA
Paraguay,Júnior Alonso,DF,,71,Clube Atlético Mineiro
Paraguay,Ramón Sosa,MF,,29,SE Palmeiras
Paraguay,Diego Gómez,MF,,24,Brighton & Hove Albion F.C.
Paraguay,Antonio Sanabria,FW,,48,US Cremonese
Paraguay,Miguel Almirón,MF,,76,Atlanta United FC
Paraguay,Maurício,MF,,3,SE Palmeiras
Paraguay,Orlando Gill,GK,,6,San Lorenzo de Almagro
Paraguay,José Canale,DF,,2,Club Atlético Lanús
Paraguay,Andrés Cubas,MF,,33,Vancouver Whitecaps FC
Paraguay,Gustavo Gómez,DF,,89,SE Palmeiras
Paraguay,Damián Bobadilla,MF,,19,São Paulo FC
Paraguay,Kaku,FW,,33,Al Ain FC
Paraguay,Álex Arce,FW,,15,Independiente Rivadavia
Paraguay,Julio Enciso,FW,,32,RC Strasbourg Alsace
Paraguay,Braian Ojeda,MF,,17,Orlando City SC
Paraguay,Gabriel Ávalos,FW,,23,Club Atlético Independiente
Paraguay,Gastón Olveira,GK,,1,Club Olimpia
Paraguay,Matías Galarza,MF,,15,Atlanta United FC
Paraguay,Gustavo Caballero,MF,,2,Portsmouth F.C.
Paraguay,Isidro Pitta,FW,,5,Red Bull Bragantino
Paraguay,Alexandro Maidana,DF,,2,Talleres de Córdoba
Türkiye,Mert Günok,GK,,37,Fenerbahçe S.K.
Türkiye,Zeki Çelik,DF,,61,AS Roma
Türkiye,Merih Demiral,DF,,62,Al-Ahli Saudi FC
Türkiye,Çağlar Söyüncü,DF,,60,Fenerbahçe S.K.
Türkiye,Salih Özcan,MF,,30,Borussia Dortmund
Türkiye,Orkun Kökçü,MF,,50,Beşiktaş J.K.
Türkiye,Kerem Aktürkoğlu,FW,,52,Fenerbahçe S.K.
Türkiye,Arda Güler,FW,,29,Real Madrid CF
Türkiye,Deniz Gül,FW,,8,FC Porto
Türkiye,Hakan Çalhanoğlu,MF,,105,Inter Milan
Türkiye,Kenan Yıldız,FW,,28,Juventus FC
Türkiye,Altay Bayındır,GK,,12,Manchester United F.C.
Türkiye,Eren Elmalı,DF,,23,Galatasaray S.K.
Türkiye,Abdülkerim Bardakcı,DF,,27,Galatasaray S.K.
Türkiye,Ozan Kabak,DF,,30,TSG 1899 Hoffenheim
Türkiye,İsmail Yüksek,MF,,32,Fenerbahçe S.K.
Türkiye,İrfan Can Kahveci,FW,,47,Kasımpaşa S.K.
Türkiye,Mert Müldür,DF,,45,Fenerbahçe S.K.
Türkiye,Yunus Akgün,FW,,19,Galatasaray S.K.
Türkiye,Ferdi Kadıoğlu,DF,,30,Brighton & Hove Albion F.C.
Türkiye,Barış Alper Yılmaz,FW,,35,Galatasaray S.K.
Türkiye,Kaan Ayhan,MF,,73,Galatasaray S.K.
Türkiye,Uğurcan Çakır,GK,,39,Galatasaray S.K.
Türkiye,Oğuz Aydın,FW,,11,Fenerbahçe S.K.
Türkiye,Samet Akaydin,DF,,19,Çaykur Rizespor
Türkiye,Can Uzun,FW,,6,Eintracht Frankfurt
United States,Matt Turner,GK,31.0,54,New England Revolution
United States,Sergiño Dest,DF,25.0,39,PSV Eindhoven
United States,Chris Richards,DF,26.0,36,Crystal Palace F.C.
United States,Tyler Adams,MF,27.0,54,AFC Bournemouth
United States,Antonee Robinson,DF,28.0,54,Fulham F.C.
United States,Auston Trusty,DF,27.0,8,Celtic F.C.
United States,Giovanni Reyna,MF,23.0,38,Borussia Mönchengladbach
United States,Weston McKennie,MF,27.0,66,Juventus FC
United States,Ricardo Pepi,FW,23.0,37,PSV Eindhoven
United States,Christian Pulisic,FW,27.0,86,AC Milan
United States,Brenden Aaronson,FW,25.0,58,Leeds United F.C.
United States,Miles Robinson,DF,29.0,40,FC Cincinnati
United States,Tim Ream,DF,38.0,82,Charlotte FC
United States,Sebastian Berhalter,MF,25.0,13,Vancouver Whitecaps FC
United States,Cristian Roldan,MF,31.0,47,Seattle Sounders FC
United States,Alex Freeman,DF,21.0,17,Villarreal CF
United States,Malik Tillman,MF,24.0,30,Bayer 04 Leverkusen
United States,Max Arfsten,DF,25.0,20,Columbus Crew
United States,Haji Wright,FW,28.0,20,Coventry City F.C.
United States,Folarin Balogun,FW,24.0,27,AS Monaco FC
United States,Timothy Weah,FW,26.0,51,Olympique de Marseille
United States,Mark McKenzie,DF,27.0,29,Toulouse FC
United States,Joe Scally,DF,23.0,26,Borussia Mönchengladbach
United States,Matt Freese,GK,27.0,15,New York City FC
United States,Chris Brady,GK,22.0,1,Chicago Fire FC
United States,Alejandro Zendejas,FW,28.0,14,Club América
Curaçao,Eloy Room,GK,,71,Miami FC
Curaçao,Shurandy Sambo,DF,,8,Sparta Rotterdam
Curaçao,Juriën Gaari,DF,,60,Abha Club
Curaçao,Roshon van Eijma,DF,,28,RKC Waalwijk
Curaçao,Sherel Floranus,DF,,28,PEC Zwolle
Curaçao,Godfried Roemeratoe,MF,,28,RKC Waalwijk
Curaçao,Juninho Bacuna,MF,,49,FC Volendam
Curaçao,Livano Comenencia,MF,,20,FC Zürich
Curaçao,Jürgen Locadia,FW,,13,Miami FC
Curaçao,Leandro Bacuna,MF,,72,Iğdır F.K.
Curaçao,Jeremy Antonisse,FW,,27,A.E. Kifisia F.C.
Curaçao,Sontje Hansen,FW,,6,Middlesbrough F.C.
Curaçao,Tyrese Noslin,FW,,7,SC Telstar
Curaçao,Kenji Gorré,FW,,38,Maccabi Haifa F.C.
Curaçao,Ar'jany Martha,MF,,9,Rotherham United F.C.
Curaçao,Jearl Margaritha,FW,,22,SK Beveren
Curaçao,Brandley Kuwas,FW,,35,FC Volendam
Curaçao,Armando Obispo,DF,,6,PSV Eindhoven
Curaçao,Gervane Kastaneer,FW,,29,Terengganu FC
Curaçao,Joshua Brenet,DF,,18,Kayserispor
Curaçao,Tahith Chong,MF,,6,Sheffield United F.C.
Curaçao,Kevin Felida,MF,,19,FC Den Bosch
Curaçao,Riechedly Bazoer,DF,,5,Konyaspor
Curaçao,Deveron Fonville,DF,,2,NEC Nijmegen
Curaçao,Tyrick Bodak,GK,,4,SC Telstar
Curaçao,Trevor Doornbusch,GK,,8,VVV-Venlo
Ecuador,Hernán Galíndez,GK,,35,Club Atlético Huracán
Ecuador,Félix Torres,DF,,49,SC Internacional
Ecuador,Piero Hincapié,DF,,52,Arsenal F.C.
Ecuador,Joel Ordóñez,DF,,17,Club Brugge KV
Ecuador,Jordy Alcívar,MF,,11,Independiente del Valle
Ecuador,Willian Pacho,DF,,34,Paris Saint-Germain FC
Ecuador,Pervis Estupiñán,DF,,54,AC Milan
Ecuador,Anthony Valencia,MF,,3,Royal Antwerp FC
Ecuador,John Yeboah,FW,,23,Venezia FC
Ecuador,Kendry Páez,MF,,26,Club Atlético River Plate
Ecuador,Kevin Rodríguez,FW,,31,Royale Union Saint-Gilloise
Ecuador,Moisés Ramírez,GK,,7,A.E. Kifisia F.C.
Ecuador,Enner Valencia,FW,,105,C.F. Pachuca
Ecuador,Alan Minda,MF,,20,Clube Atlético Mineiro
Ecuador,Pedro Vite,MF,,17,Pumas UNAM
Ecuador,Jordy Caicedo,FW,,20,Club Atlético Huracán
Ecuador,Ángelo Preciado,DF,,55,Clube Atlético Mineiro
Ecuador,Denil Castillo,MF,,5,FC Midtjylland
Ecuador,Gonzalo Plata,FW,,50,CR Flamengo
Ecuador,Nilson Angulo,FW,,14,Sunderland A.F.C.
Ecuador,Alan Franco,MF,,58,Clube Atlético Mineiro
Ecuador,Gonzalo Valle,GK,,4,LDU Quito
Ecuador,Moisés Caicedo,MF,,61,Chelsea F.C.
Ecuador,Jeremy Arévalo,FW,,4,VfB Stuttgart
Ecuador,Jackson Porozo,DF,,10,Club Tijuana
Ecuador,Yaimar Medina,DF,,6,KRC Genk
Germany,Manuel Neuer,GK,,124,FC Bayern Munich
Germany,Antonio Rüdiger,DF,,82,Real Madrid CF
Germany,Waldemar Anton,DF,,13,Borussia Dortmund
Germany,Jonathan Tah,DF,,47,FC Bayern Munich
Germany,Aleksandar Pavlović,MF,,11,FC Bayern Munich
Germany,Joshua Kimmich,DF,,110,FC Bayern Munich
Germany,Kai Havertz,FW,,58,Arsenal F.C.
Germany,Leon Goretzka,MF,,70,FC Bayern Munich
Germany,Jamie Leweling,MF,,5,VfB Stuttgart
Germany,Jamal Musiala,MF,,42,FC Bayern Munich
Germany,Nick Woltemade,FW,,11,Newcastle United F.C.
Germany,Oliver Baumann,GK,,13,TSG 1899 Hoffenheim
Germany,Pascal Groß,MF,,18,Brighton & Hove Albion F.C.
Germany,Maximilian Beier,FW,,9,Borussia Dortmund
Germany,Nico Schlotterbeck,DF,,27,Borussia Dortmund
Germany,Angelo Stiller,MF,,8,VfB Stuttgart
Germany,Florian Wirtz,MF,,41,Liverpool F.C.
Germany,Nathaniel Brown,DF,,5,Eintracht Frankfurt
Germany,Leroy Sané,MF,,76,Galatasaray S.K.
Germany,Nadiem Amiri,MF,,11,1. FSV Mainz 05
Germany,Alexander Nübel,GK,,3,VfB Stuttgart
Germany,David Raum,DF,,37,RB Leipzig
Germany,Felix Nmecha,MF,,8,Borussia Dortmund
Germany,Malick Thiaw,DF,,5,Newcastle United F.C.
Germany,Assan Ouédraogo,MF,,1,RB Leipzig
Germany,Deniz Undav,FW,,9,VfB Stuttgart
Ivory Coast,Yahia Fofana,GK,,35,Çaykur Rizespor
Ivory Coast,Ousmane Diomande,DF,,15,Sporting CP
Ivory Coast,Ghislain Konan,DF,,54,Gil Vicente F.C.
Ivory Coast,Jean Michaël Seri,MF,,65,NK Maribor
Ivory Coast,Wilfried Singo,DF,,34,Galatasaray S.K.
Ivory Coast,Seko Fofana,MF,,33,FC Porto
Ivory Coast,Odilon Kossounou,DF,,36,Atalanta BC
Ivory Coast,Franck Kessié,MF,,102,Al-Ahli Saudi FC
Ivory Coast,Ange-Yoan Bonny,FW,,1,Inter Milan
Ivory Coast,Simon Adingra,FW,,29,AS Monaco FC
Ivory Coast,Yan Diomande,FW,,10,RB Leipzig
Ivory Coast,Elye Wahi,FW,,2,OGC Nice
Ivory Coast,Christopher Opéri,DF,,12,İstanbul Başakşehir F.K.
Ivory Coast,Oumar Diakité,FW,,30,Cercle Brugge KSV
Ivory Coast,Amad Diallo,FW,,19,Manchester United F.C.
Ivory Coast,Mohamed Koné,GK,,0,Royal Charleroi SC
Ivory Coast,Guéla Doué,DF,,20,RC Strasbourg Alsace
Ivory Coast,Ibrahim Sangaré,MF,,57,Nottingham Forest F.C.
Ivory Coast,Nicolas Pépé,FW,,56,Villarreal CF
Ivory Coast,Emmanuel Agbadou,DF,,20,Beşiktaş J.K.
Ivory Coast,Evan Ndicka,DF,,28,AS Roma
Ivory Coast,Evann Guessand,FW,,21,Crystal Palace F.C.
Ivory Coast,Alban Lafont,GK,,4,Panathinaikos F.C.
Ivory Coast,Bazoumana Touré,FW,,6,TSG 1899 Hoffenheim
Ivory Coast,Parfait Guiagon,MF,,5,Royal Charleroi SC
Ivory Coast,Christ Inao Oulaï,MF,,9,Trabzonspor
Japan,Zion Suzuki,GK,,24,Parma Calcio 1913
Japan,Yukinari Sugawara,DF,,21,SV Werder Bremen
Japan,Shōgo Taniguchi,DF,,38,Sint-Truidense VV
Japan,Kō Itakura,DF,,40,AFC Ajax
Japan,Yūto Nagatomo,DF,,145,FC Tokyo
Japan,Shūto Machino,FW,,14,Borussia Mönchengladbach
Japan,Ao Tanaka,MF,,38,Leeds United F.C.
Japan,Takefusa Kubo,MF,,49,Real Sociedad
Japan,Keisuke Gotō,FW,,4,Sint-Truidense VV
Japan,Ritsu Dōan,MF,,65,Eintracht Frankfurt
Japan,Daizen Maeda,MF,,27,Celtic F.C.
Japan,Keisuke Ōsako,GK,,11,Sanfrecce Hiroshima
Japan,Keito Nakamura,MF,,25,Stade de Reims
Japan,Junya Itō,MF,,69,KRC Genk
Japan,Daichi Kamada,MF,,49,Crystal Palace F.C.
Japan,Tsuyoshi Watanabe,DF,,11,Feyenoord
Japan,Yuito Suzuki,MF,,6,SC Freiburg
Japan,Ayase Ueda,FW,,39,Feyenoord
Japan,Kōki Ogawa,FW,,15,NEC Nijmegen
Japan,Ayumu Seko,DF,,14,Le Havre AC
Japan,Hiroki Itō,DF,,24,FC Bayern Munich
Japan,Takehiro Tomiyasu,DF,,43,AFC Ajax
Japan,Tomoki Hayakawa,GK,,4,Kashima Antlers
Japan,Kaishū Sano,MF,,13,1. FSV Mainz 05
Japan,Junnosuke Suzuki,DF,,6,F.C. Copenhagen
Japan,Kento Shiogai,FW,,2,VfL Wolfsburg
Netherlands,Bart Verbruggen,GK,,29,Brighton & Hove Albion F.C.
Netherlands,Lutsharel Geertruida,DF,,21,Sunderland AFC
Netherlands,Marten de Roon,MF,,43,Atalanta BC
Netherlands,Virgil van Dijk,DF,,92,Liverpool F.C.
Netherlands,Nathan Aké,DF,,59,Manchester City F.C.
Netherlands,Jan Paul van Hecke,DF,,12,Brighton & Hove Albion F.C.
Netherlands,Justin Kluivert,MF,,12,AFC Bournemouth
Netherlands,Ryan Gravenberch,MF,,27,Liverpool F.C.
Netherlands,Wout Weghorst,FW,,52,AFC Ajax
Netherlands,Memphis Depay,FW,,109,SC Corinthians Paulista
Netherlands,Cody Gakpo,FW,,50,Liverpool F.C.
Netherlands,Mats Wieffer,DF,,15,Brighton & Hove Albion F.C.
Netherlands,Robin Roefs,GK,,1,Sunderland A.F.C.
Netherlands,Tijjani Reijnders,MF,,32,Manchester City F.C.
Netherlands,Micky van de Ven,DF,,21,Tottenham Hotspur F.C.
Netherlands,Guus Til,MF,,7,PSV Eindhoven
Netherlands,Noa Lang,FW,,15,Galatasaray S.K.
Netherlands,Donyell Malen,FW,,53,AS Roma
Netherlands,Brian Brobbey,FW,,12,Sunderland A.F.C.
Netherlands,Teun Koopmeiners,MF,,28,Juventus FC
Netherlands,Frenkie de Jong,MF,,66,FC Barcelona
Netherlands,Denzel Dumfries,DF,,72,Inter Milan
Netherlands,Mark Flekken,GK,,12,Bayer 04 Leverkusen
Netherlands,Crysencio Summerville,FW,,2,West Ham United F.C.
Netherlands,Jorrel Hato,DF,,8,Chelsea F.C.
Netherlands,Quinten Timber,MF,,11,Olympique de Marseille
Sweden,Jacob Widell Zetterström,GK,,3,Derby County F.C.
Sweden,Gustaf Lagerbielke,DF,,11,S.C. Braga
Sweden,Victor Lindelöf,DF,,76,Aston Villa F.C.
Sweden,Isak Hien,DF,,29,Atalanta BC
Sweden,Gabriel Gudmundsson,DF,,24,Leeds United F.C.
Sweden,Herman Johansson,DF,,3,FC Dallas
Sweden,Lucas Bergvall,MF,,10,Tottenham Hotspur F.C.
Sweden,Daniel Svensson,DF,,13,Borussia Dortmund
Sweden,Alexander Isak,FW,,58,Liverpool F.C.
Sweden,Benjamin Nygren,MF,,11,Celtic F.C.
Sweden,Anthony Elanga,FW,,30,Newcastle United F.C.
Sweden,Viktor Johansson,GK,,12,Stoke City F.C.
Sweden,Ken Sema,MF,,33,Pafos FC
Sweden,Hjalmar Ekdal,DF,,13,Burnley F.C.
Sweden,Carl Starfelt,DF,,18,RC Celta de Vigo
Sweden,Jesper Karlström,MF,,25,Udinese Calcio
Sweden,Viktor Gyökeres,FW,,33,Arsenal F.C.
Sweden,Yasin Ayari,MF,,21,Brighton & Hove Albion F.C.
Sweden,Mattias Svanberg,MF,,41,VfL Wolfsburg
Sweden,Eric Smith,DF,,2,FC St. Pauli
Sweden,Alexander Bernhardsson,DF,,11,Holstein Kiel
Sweden,Besfort Zeneli,MF,,8,Royale Union Saint-Gilloise
Sweden,Kristoffer Nordfeldt,GK,,21,AIK Fotboll
Sweden,Elliot Stroud,DF,,1,Mjällby AIF
Sweden,Gustaf Nilsson,FW,,10,Club Brugge KV
Sweden,Taha Ali,FW,,2,Malmö FF
Tunisia,Mouhib Chamakh,GK,,3,Club Africain
Tunisia,Ali Abdi,DF,,46,OGC Nice
Tunisia,Montassar Talbi,DF,,64,FC Lorient
Tunisia,Omar Rekik,DF,,6,NK Maribor
Tunisia,Adem Arous,DF,,2,Kasımpaşa S.K.
Tunisia,Dylan Bronn,DF,,52,Servette FC
Tunisia,Elias Achouri,FW,,30,F.C. Copenhagen
Tunisia,Elias Saad,FW,,15,Hannover 96
Tunisia,Hazem Mastouri,FW,,19,FC Dynamo Makhachkala
Tunisia,Hannibal Mejbri,MF,,45,Burnley F.C.
Tunisia,Ismaël Gharbi,MF,,17,FC Augsburg
Tunisia,Mortadha Ben Ouanes,DF,,18,Kasımpaşa S.K.
Tunisia,Rani Khedira,MF,,3,1. FC Union Berlin
Tunisia,Khalil Ayari,MF,,4,Paris Saint-Germain FC
Tunisia,Hadj Mahmoud,MF,,9,FC Lugano
Tunisia,Aymen Dahmen,GK,,37,CS Sfaxien
Tunisia,Ellyes Skhiri,MF,,83,Eintracht Frankfurt
Tunisia,Rayan Elloumi,FW,,4,Vancouver Whitecaps FC
Tunisia,Firas Chaouat,FW,,30,Club Africain
Tunisia,Yan Valery,DF,,22,BSC Young Boys
Tunisia,Mohamed Amine Ben Hamida,DF,,13,Espérance Sportive de Tunis
Tunisia,Sabri Ben Hessen,GK,,2,Étoile Sportive du Sahel
Tunisia,Moutaz Neffati,DF,,5,IFK Norrköping
Tunisia,Raed Chikhaoui,DF,,0,US Monastir
Tunisia,Anis Ben Slimane,MF,,41,Norwich City F.C.
Tunisia,Sebastian Tounekti,MF,,12,Celtic F.C.
Belgium,Thibaut Courtois,GK,,109,Real Madrid CF
Belgium,Zeno Debast,DF,,26,Sporting CP
Belgium,Arthur Theate,DF,,33,Eintracht Frankfurt
Belgium,Brandon Mechele,DF,,9,Club Brugge KV
Belgium,Maxim De Cuyper,DF,,19,Brighton & Hove Albion F.C.
Belgium,Axel Witsel,MF,,138,Girona FC
Belgium,Kevin De Bruyne,MF,,119,SSC Napoli
Belgium,Youri Tielemans,MF,,85,Aston Villa F.C.
Belgium,Romelu Lukaku,FW,,126,SSC Napoli
Belgium,Leandro Trossard,FW,,51,Arsenal F.C.
Belgium,Jérémy Doku,FW,,43,Manchester City F.C.
Belgium,Senne Lammens,GK,,2,Manchester United F.C.
Belgium,Mike Penders,GK,,0,RC Strasbourg Alsace
Belgium,Dodi Lukébakio,FW,,30,S.L. Benfica
Belgium,Thomas Meunier,DF,,80,Lille OSC
Belgium,Koni De Winter,DF,,8,AC Milan
Belgium,Charles De Ketelaere,FW,,30,Atalanta BC
Belgium,Joaquin Seys,DF,,5,Club Brugge KV
Belgium,Diego Moreira,MF,,3,RC Strasbourg Alsace
Belgium,Hans Vanaken,MF,,34,Club Brugge KV
Belgium,Timothy Castagne,DF,,63,Fulham F.C.
Belgium,Alexis Saelemaekers,MF,,24,AC Milan
Belgium,Nicolas Raskin,MF,,13,Rangers F.C.
Belgium,Amadou Onana,MF,,29,Aston Villa F.C.
Belgium,Nathan Ngoy,DF,,4,Lille OSC
Belgium,Matias Fernandez-Pardo,FW,,2,Lille OSC
Egypt,Mohamed El Shenawy,GK,,76,Al Ahly SC
Egypt,Yasser Ibrahim,DF,,17,Al Ahly SC
Egypt,Mohamed Hany,DF,,42,Al Ahly SC
Egypt,Hossam Abdelmaguid,DF,,13,Zamalek SC
Egypt,Ramy Rabia,DF,,44,Al Ain FC
Egypt,Mohamed Abdelmonem,DF,,36,OGC Nice
Egypt,Trézéguet,FW,,96,Al Ahly SC
Egypt,Emam Ashour,MF,,29,Al Ahly SC
Egypt,Hamza Abdelkarim,FW,,2,FC Barcelona Atlètic
Egypt,Mohamed Salah,FW,,116,Liverpool F.C.
Egypt,Mostafa Ziko,MF,,2,Pyramids FC
Egypt,Haissem Hassan,FW,,4,Real Oviedo
Egypt,Ahmed Fatouh,DF,,39,Zamalek SC
Egypt,Hamdy Fathy,MF,,63,Al-Wakrah SC
Egypt,Karim Hafez,DF,,9,Pyramids FC
Egypt,El Mahdy Soliman,GK,,0,Zamalek SC
Egypt,Mohanad Lasheen,MF,,23,Pyramids FC
Egypt,Nabil Emad,MF,,12,Al-Najma SC
Egypt,Marwan Attia,MF,,34,Al Ahly SC
Egypt,Ibrahim Adel,FW,,24,FC Nordsjælland
Egypt,Mahmoud Saber,MF,,15,ZED FC
Egypt,Omar Marmoush,FW,,50,Manchester City F.C.
Egypt,Mostafa Shobeir,GK,,9,Al Ahly SC
Egypt,Tarek Alaa,DF,,3,ZED FC
Egypt,Zizo,FW,,63,Al Ahly SC
Egypt,Mohamed Alaa,GK,,0,El Gouna FC
Iran,Alireza Beiranvand,GK,,86,Tractor S.C.
Iran,Saleh Hardani,DF,,18,Esteghlal F.C.
Iran,Ehsan Hajsafi,DF,,146,Sepahan S.C.
Iran,Shojae Khalilzadeh,DF,,58,Tractor S.C.
Iran,Milad Mohammadi,DF,,76,Persepolis F.C.
Iran,Saeid Ezatolahi,MF,,83,Shabab Al Ahli Club
Iran,Alireza Jahanbakhsh,MF,,99,FCV Dender EH
Iran,Mohammad Mohebi,MF,,37,FC Rostov
Iran,Mehdi Taremi,FW,,105,Olympiacos F.C.
Iran,Mehdi Ghayedi,FW,,30,Al-Nasr SC
Iran,Ali Alipour,FW,,14,Persepolis F.C.
Iran,Payam Niazmand,GK,,15,Persepolis F.C.
Iran,Hossein Kanaanizadegan,DF,,65,Persepolis F.C.
Iran,Saman Ghoddos,MF,,68,Kalba FC
Iran,Rouzbeh Cheshmi,MF,,40,Esteghlal F.C.
Iran,Mahdi Torabi,MF,,52,Tractor S.C.
Iran,Arya Yousefi,DF,,14,Sepahan S.C.
Iran,Amirhossein Hosseinzadeh,FW,,18,Tractor S.C.
Iran,Ali Nemati,DF,,18,Foolad F.C.
Iran,Shahriyar Moghanlou,FW,,21,Kalba FC
Iran,Mohammad Ghorbani,MF,,16,Al Wahda FC
Iran,Hossein Hosseini,GK,,13,Sepahan S.C.
Iran,Ramin Rezaeian,DF,,74,Foolad F.C.
Iran,Dennis Eckert,FW,,0,Standard Liège
Iran,Danial Eiri,DF,,0,Malavan F.C.
Iran,Amirmohammad Razzaghinia,MF,,4,Esteghlal F.C.
New Zealand,Max Crocombe,GK,,24,Millwall F.C.
New Zealand,Tim Payne,DF,,51,Wellington Phoenix FC
New Zealand,Francis de Vries,DF,,20,Auckland FC
New Zealand,Tyler Bindon,DF,,25,Sheffield United F.C.
New Zealand,Michael Boxall,DF,,63,Minnesota United FC
New Zealand,Joe Bell,MF,,32,Viking FK
New Zealand,Logan Rogerson,FW,,18,Auckland FC
New Zealand,Marko Stamenić,MF,,39,Swansea City A.F.C.
New Zealand,Chris Wood,FW,,90,Nottingham Forest F.C.
New Zealand,Sarpreet Singh,MF,,28,Wellington Phoenix FC
New Zealand,Elijah Just,MF,,44,Motherwell F.C.
New Zealand,Alex Paulsen,GK,,8,Lechia Gdańsk
New Zealand,Liberato Cacace,DF,,37,Wrexham A.F.C.
New Zealand,Alex Rufer,MF,,26,Wellington Phoenix FC
New Zealand,Nando Pijnaker,DF,,25,Auckland FC
New Zealand,Finn Surman,DF,,19,Portland Timbers
New Zealand,Kosta Barbarouses,FW,,76,Western Sydney Wanderers FC
New Zealand,Ben Waine,FW,,31,Port Vale F.C.
New Zealand,Ben Old,MF,,24,AS Saint-Étienne
New Zealand,Callum McCowatt,MF,,32,Silkeborg IF
New Zealand,Jesse Randall,FW,,11,Auckland FC
New Zealand,Michael Woud,GK,,6,Auckland FC
New Zealand,Ryan Thomas,MF,,25,PEC Zwolle
New Zealand,Callan Elliot,DF,,11,Auckland FC
New Zealand,Lachlan Bayliss,MF,,4,Newcastle Jets FC
New Zealand,Tommy Smith,DF,,56,Braintree Town F.C.
Cape Verde,Vozinha,GK,,90,G.D. Chaves
Cape Verde,Stopira,DF,,61,S.C.U. Torreense
Cape Verde,Diney,DF,,32,Al Bataeh Club
Cape Verde,Pico Lopes,DF,,45,Shamrock Rovers F.C.
Cape Verde,Logan Costa,DF,,28,Villarreal CF
Cape Verde,Kevin Pina,MF,,31,FC Krasnodar
Cape Verde,Jovane Cabral,MF,,29,C.F. Estrela da Amadora
Cape Verde,João Paulo Fernandes,MF,,41,FCSB
Cape Verde,Gilson Benchimol,FW,,21,FC Akron Tolyatti
Cape Verde,Jamiro Monteiro,MF,,55,PEC Zwolle
Cape Verde,Garry Rodrigues,MF,,61,Apollon Limassol FC
Cape Verde,Márcio Rosa,GK,,11,PFC Montana
Cape Verde,Sidny Lopes Cabral,DF,,11,S.L. Benfica
Cape Verde,Deroy Duarte,MF,,33,PFC Ludogorets Razgrad
Cape Verde,Laros Duarte,MF,,20,Puskás Akadémia FC
Cape Verde,Yannick Semedo,MF,,11,S.C. Farense
Cape Verde,Willy Semedo,MF,,38,AC Omonia
Cape Verde,Telmo Arcanjo,MF,,16,Vitória S.C.
Cape Verde,Dailon Livramento,FW,,22,Casa Pia A.C.
Cape Verde,Ryan Mendes,FW,,96,Iğdır F.K.
Cape Verde,Nuno da Costa,MF,,9,İstanbul Başakşehir F.K.
Cape Verde,Steven Moreira,DF,,20,Columbus Crew
Cape Verde,CJ dos Santos,GK,,1,San Diego FC
Cape Verde,Wagner Pina,DF,,14,Trabzonspor
Cape Verde,Kelvin Pires,DF,,6,Seinäjoen Jalkapallokerho
Cape Verde,Hélio Varela,MF,,21,Maccabi Tel Aviv F.C.
Saudi Arabia,Nawaf Al-Aqidi,GK,,24,Al-Nassr FC
Saudi Arabia,Ali Majrashi,DF,,21,Al-Ahli Saudi FC
Saudi Arabia,Ali Lajami,DF,,24,Al Hilal SFC
Saudi Arabia,Abdulelah Al-Amri,DF,,44,Al-Nassr FC
Saudi Arabia,Hassan Al-Tambakti,DF,,54,Al Hilal SFC
Saudi Arabia,Nasser Al-Dawsari,MF,,47,Al Hilal SFC
Saudi Arabia,Musab Al-Juwayr,MF,,37,Al Qadsiah FC
Saudi Arabia,Ayman Yahya,FW,,26,Al-Nassr FC
Saudi Arabia,Firas Al-Buraikan,FW,,72,Al-Ahli Saudi FC
Saudi Arabia,Salem Al-Dawsari,FW,,111,Al Hilal SFC
Saudi Arabia,Saleh Al-Shehri,FW,,59,Al-Ittihad Club
Saudi Arabia,Saud Abdulhamid,DF,,55,RC Lens
Saudi Arabia,Nawaf Boushal,DF,,27,Al-Nassr FC
Saudi Arabia,Hassan Kadesh,DF,,21,Al-Ittihad Club
Saudi Arabia,Abdullah Al-Khaibari,MF,,42,Al-Nassr FC
Saudi Arabia,Ziyad Al-Johani,MF,,12,Al-Ahli Saudi FC
Saudi Arabia,Khalid Al-Ghannam,FW,,7,Al-Ettifaq Club
Saudi Arabia,Alaa Al-Hejji,MF,,3,Neom SC
Saudi Arabia,Abdullah Al-Hamdan,FW,,52,Al-Nassr FC
Saudi Arabia,Sultan Mandash,FW,,7,Al Hilal SFC
Saudi Arabia,Mohammed Al-Owais,GK,,65,Al-Ula FC
Saudi Arabia,Ahmed Al-Kassar,GK,,9,Al Qadsiah FC
Saudi Arabia,Mohamed Kanno,MF,,79,Al Hilal SFC
Saudi Arabia,Moteb Al-Harbi,DF,,13,Al Hilal SFC
Saudi Arabia,Jehad Thakri,DF,,8,Al Qadsiah FC
Saudi Arabia,Mohammed Abu Al-Shamat,DF,,8,Al Qadsiah FC
Spain,David Raya,GK,,13,Arsenal F.C.
Spain,Marc Pubill,DF,,2,Atlético Madrid
Spain,Álex Grimaldo,DF,,14,Bayer 04 Leverkusen
Spain,Eric García,DF,,21,FC Barcelona
Spain,Marcos Llorente,DF,,24,Atlético Madrid
Spain,Mikel Merino,MF,,43,Arsenal F.C.
Spain,Ferran Torres,FW,,57,FC Barcelona
Spain,Fabián Ruiz,MF,,42,Paris Saint-Germain FC
Spain,Gavi,MF,,30,FC Barcelona
Spain,Dani Olmo,FW,,50,FC Barcelona
Spain,Yéremy Pino,FW,,23,Crystal Palace F.C.
Spain,Pedro Porro,DF,,18,Tottenham Hotspur F.C.
Spain,Joan Garcia,GK,,2,FC Barcelona
Spain,Aymeric Laporte,DF,,46,Athletic Bilbao
Spain,Álex Baena,MF,,17,Atlético Madrid
Spain,Rodri,MF,,62,Manchester City F.C.
Spain,Nico Williams,FW,,30,Athletic Bilbao
Spain,Martín Zubimendi,MF,,26,Arsenal F.C.
Spain,Lamine Yamal,FW,,25,FC Barcelona
Spain,Pedri,MF,,41,FC Barcelona
Spain,Mikel Oyarzabal,FW,,53,Real Sociedad
Spain,Pau Cubarsí,DF,,12,FC Barcelona
Spain,Unai Simón,GK,,58,Athletic Bilbao
Spain,Marc Cucurella,DF,,24,Chelsea F.C.
Spain,Víctor Muñoz,FW,,2,CA Osasuna
Spain,Borja Iglesias,FW,,8,RC Celta de Vigo
Uruguay,Sergio Rochet,GK,,35,SC Internacional
Uruguay,José María Giménez,DF,,99,Atlético Madrid
Uruguay,Sebastián Cáceres,DF,,24,Club América
Uruguay,Ronald Araújo,DF,,27,FC Barcelona
Uruguay,Manuel Ugarte,MF,,36,Manchester United F.C.
Uruguay,Rodrigo Bentancur,MF,,74,Tottenham Hotspur F.C.
Uruguay,Nicolás de la Cruz,MF,,34,CR Flamengo
Uruguay,Federico Valverde,MF,,73,Real Madrid CF
Uruguay,Darwin Núñez,FW,,38,Al Hilal SFC
Uruguay,Giorgian de Arrascaeta,MF,,60,CR Flamengo
Uruguay,Facundo Pellistri,FW,,39,Panathinaikos F.C.
Uruguay,Santiago Mele,GK,,8,C.F. Monterrey
Uruguay,Guillermo Varela,DF,,28,CR Flamengo
Uruguay,Agustín Canobbio,MF,,15,Fluminense FC
Uruguay,Emiliano Martínez,MF,,10,SE Palmeiras
Uruguay,Mathías Olivera,DF,,35,SSC Napoli
Uruguay,Matías Viña,DF,,43,Club Atlético River Plate
Uruguay,Brian Rodríguez,FW,,32,Club América
Uruguay,Rodrigo Aguirre,FW,,10,Tigres UANL
Uruguay,Maximiliano Araújo,MF,,28,Sporting CP
Uruguay,Federico Viñas,FW,,11,Real Oviedo
Uruguay,Joaquín Piquerez,MF,,19,SE Palmeiras
Uruguay,Fernando Muslera,GK,,134,Estudiantes de La Plata
Uruguay,Santiago Bueno,DF,,8,Wolverhampton Wanderers F.C.
Uruguay,Juan Manuel Sanabria,MF,,5,Real Salt Lake
Uruguay,Rodrigo Zalazar,MF,,8,S.C. Braga
France,Brice Samba,GK,,4,Stade Rennais FC
France,Malo Gusto,DF,,11,Chelsea F.C.
France,Lucas Digne,DF,,58,Aston Villa F.C.
France,Dayot Upamecano,DF,,38,FC Bayern Munich
France,Jules Koundé,DF,,48,FC Barcelona
France,Manu Koné,MF,,14,AS Roma
France,Ousmane Dembélé,FW,,59,Paris Saint-Germain FC
France,Aurélien Tchouaméni,MF,,46,Real Madrid CF
France,Marcus Thuram,FW,,34,Inter Milan
France,Kylian Mbappé,FW,,98,Real Madrid CF
France,Michael Olise,FW,,17,FC Bayern Munich
France,Bradley Barcola,FW,,20,Paris Saint-Germain FC
France,N'Golo Kanté,MF,,69,Fenerbahçe S.K.
France,Adrien Rabiot,MF,,59,AC Milan
France,Ibrahima Konaté,DF,,28,Liverpool F.C.
France,Mike Maignan,GK,,40,AC Milan
France,William Saliba,DF,,32,Arsenal F.C.
France,Warren Zaïre-Emery,MF,,11,Paris Saint-Germain FC
France,Théo Hernandez,DF,,44,Al Hilal SFC
France,Désiré Doué,FW,,7,Paris Saint-Germain FC
France,Lucas Hernandez,DF,,42,Paris Saint-Germain FC
France,Jean-Philippe Mateta,FW,,4,Crystal Palace F.C.
France,Robin Risser,GK,,0,RC Lens
France,Rayan Cherki,MF,,7,Manchester City F.C.
France,Maghnes Akliouche,MF,,9,AS Monaco FC
France,Maxence Lacroix,DF,,4,Crystal Palace F.C.
Iraq,Fahad Talib,GK,,21,Al-Talaba SC
Iraq,Rebin Sulaka,DF,,56,Port F.C.
Iraq,Hussein Ali,DF,,27,Pogoń Szczecin
Iraq,Zaid Tahseen,DF,,28,Pakhtakor FC
Iraq,Akam Hashim,DF,,14,Al-Zawraa SC
Iraq,Manaf Younis,DF,,34,Al-Shorta SC
Iraq,Youssef Amyn,MF,,27,AEK Larnaca FC
Iraq,Ibrahim Bayesh,MF,,76,Al Dhafra FC
Iraq,Ali Al-Hamadi,FW,,20,Luton Town F.C.
Iraq,Mohanad Ali,FW,,72,Dibba FC
Iraq,Ahmed Qasem,FW,,3,Nashville SC
Iraq,Jalal Hassan,GK,,102,Al-Zawraa SC
Iraq,Ali Yousif,FW,,7,Al-Talaba SC
Iraq,Zidane Iqbal,MF,,25,FC Utrecht
Iraq,Ahmed Maknzi,DF,,7,Al-Karma SC
Iraq,Amir Al-Ammari,MF,,51,KS Cracovia
Iraq,Ali Jasim,FW,,36,Al-Najma SC
Iraq,Aymen Hussein,FW,,95,Al-Karma SC
Iraq,Kevin Yakob,MF,,9,Aarhus Gymnastikforening
Iraq,Aimar Sher,MF,,7,Sarpsborg 08 FF
Iraq,Marko Farji,FW,,12,Venezia FC
Iraq,Ahmed Basil,GK,,16,Al-Shorta SC
Iraq,Merchas Doski,DF,,31,FC Viktoria Plzeň
Iraq,Zaid Ismail,MF,,6,Al-Talaba SC
Iraq,Mustafa Saadoon,DF,,17,Al-Shorta SC
Iraq,Frans Putros,DF,,28,Persib Bandung
Norway,Ørjan Nyland,GK,,71,Sevilla FC
Norway,Morten Thorsby,MF,,31,US Cremonese
Norway,Kristoffer Ajer,DF,,52,Brentford F.C.
Norway,Leo Østigård,DF,,38,Genoa CFC
Norway,David Møller Wolfe,DF,,22,Wolverhampton Wanderers F.C.
Norway,Patrick Berg,MF,,43,FK Bodø/Glimt
Norway,Alexander Sørloth,FW,,72,Atlético Madrid
Norway,Sander Berge,MF,,66,Fulham F.C.
Norway,Erling Haaland,FW,,50,Manchester City F.C.
Norway,Martin Ødegaard,MF,,68,Arsenal F.C.
Norway,Jørgen Strand Larsen,FW,,28,Crystal Palace F.C.
Norway,Sander Tangvik,GK,,0,Hamburger SV
Norway,Egil Selvik,GK,,7,Watford F.C.
Norway,Fredrik Aursnes,MF,,22,S.L. Benfica
Norway,Fredrik André Bjørkan,DF,,21,FK Bodø/Glimt
Norway,Marcus Holmgren Pedersen,DF,,32,Torino FC
Norway,Torbjørn Heggem,DF,,15,Bologna FC 1909
Norway,Kristian Thorstvedt,MF,,37,US Sassuolo Calcio
Norway,Thelo Aasgaard,MF,,8,Rangers F.C.
Norway,Antonio Nusa,MF,,24,RB Leipzig
Norway,Andreas Schjelderup,MF,,12,S.L. Benfica
Norway,Oscar Bobb,MF,,20,Fulham F.C.
Norway,Jens Petter Hauge,MF,,15,FK Bodø/Glimt
Norway,Sondre Langås,DF,,3,Derby County F.C.
Norway,Henrik Falchener,DF,,1,Viking FK
Norway,Julian Ryerson,DF,,43,Borussia Dortmund
Senegal,Yehvann Diouf,GK,,2,OGC Nice
Senegal,Mamadou Sarr,DF,,8,Chelsea F.C.
Senegal,Kalidou Koulibaly,DF,,104,Al Hilal SFC
Senegal,Abdoulaye Seck,DF,,25,Maccabi Haifa F.C.
Senegal,Idrissa Gueye,MF,,132,Everton F.C.
Senegal,Pathé Ciss,MF,,30,Rayo Vallecano
Senegal,Assane Diao,FW,,5,Como 1907
Senegal,Lamine Camara,MF,,45,AS Monaco FC
Senegal,Bamba Dieng,FW,,23,FC Lorient
Senegal,Sadio Mané,FW,,128,Al-Nassr FC
Senegal,Nicolas Jackson,FW,,33,FC Bayern Munich
Senegal,Cherif Ndiaye,FW,,19,Samsunspor
Senegal,Iliman Ndiaye,FW,,41,Everton F.C.
Senegal,Ismail Jakobs,DF,,31,Galatasaray S.K.
Senegal,Krépin Diatta,DF,,62,AS Monaco FC
Senegal,Édouard Mendy,GK,,58,Al-Ahli Saudi FC
Senegal,Pape Matar Sarr,MF,,40,Tottenham Hotspur F.C.
Senegal,Ismaïla Sarr,FW,,84,Crystal Palace F.C.
Senegal,Moussa Niakhaté,DF,,32,Olympique Lyonnais
Senegal,Ibrahim Mbaye,FW,,11,Paris Saint-Germain FC
Senegal,Habib Diarra,MF,,21,Sunderland A.F.C.
Senegal,Bara Sapoko Ndiaye,MF,,1,FC Bayern Munich
Senegal,Mory Diaw,GK,,5,Le Havre AC
Senegal,Antoine Mendy,DF,,7,OGC Nice
Senegal,El Hadji Malick Diouf,DF,,20,West Ham United F.C.
Senegal,Pape Gueye,MF,,42,Villarreal CF
Algeria,Melvin Mastil,GK,,2,FC Stade Nyonnais
Algeria,Aïssa Mandi,DF,,119,Lille OSC
Algeria,Achref Abada,DF,,9,USM Alger
Algeria,Mohamed Amine Tougai,DF,,30,Espérance Sportive de Tunis
Algeria,Zineddine Belaïd,DF,,18,JS Kabylie
Algeria,Ramiz Zerrouki,MF,,53,FC Twente
Algeria,Riyad Mahrez,FW,,116,Al-Ahli Saudi FC
Algeria,Houssem Aouar,MF,,22,Al-Ittihad Club
Algeria,Amine Gouiri,FW,,23,Olympique de Marseille
Algeria,Farès Chaïbi,MF,,31,Eintracht Frankfurt
Algeria,Anis Hadj Moussa,FW,,15,Feyenoord
Algeria,Nadhir Benbouali,FW,,4,Győri ETO FC
Algeria,Jaouen Hadjam,DF,,18,BSC Young Boys
Algeria,Hicham Boudaoui,MF,,34,OGC Nice
Algeria,Rayan Aït-Nouri,DF,,30,Manchester City F.C.
Algeria,Oussama Benbot,GK,,5,USM Alger
Algeria,Rafik Belghali,DF,,13,Hellas Verona FC
Algeria,Mohamed Amoura,FW,,47,VfL Wolfsburg
Algeria,Nabil Bentaleb,MF,,60,Lille OSC
Algeria,Adil Boulbina,FW,,12,Al Duhail SC
Algeria,Ramy Bensebaini,DF,,82,Borussia Dortmund
Algeria,Ibrahim Maza,MF,,17,Bayer 04 Leverkusen
Algeria,Luca Zidane,GK,,7,Granada CF
Algeria,Yacine Titraoui,MF,,5,Royal Charleroi SC
Algeria,Farès Ghedjemis,FW,,1,Frosinone Calcio
Algeria,Samir Chergui,DF,,5,Paris FC
Argentina,Juan Musso,GK,,4,Atlético Madrid
Argentina,Marcos Senesi,DF,,3,AFC Bournemouth
Argentina,Nicolás Tagliafico,DF,,76,Olympique Lyonnais
Argentina,Gonzalo Montiel,DF,,39,Club Atlético River Plate
Argentina,Leandro Paredes,MF,,77,Boca Juniors
Argentina,Lisandro Martínez,DF,,28,Manchester United F.C.
Argentina,Rodrigo De Paul,MF,,87,Inter Miami CF
Argentina,Valentín Barco,MF,,4,RC Strasbourg Alsace
Argentina,Julián Alvarez,FW,,51,Atlético Madrid
Argentina,Lionel Messi,FW,,199,Inter Miami CF
Argentina,Giovani Lo Celso,MF,,67,Real Betis
Argentina,Gerónimo Rulli,GK,,8,Olympique de Marseille
Argentina,Cristian Romero,DF,,51,Tottenham Hotspur F.C.
Argentina,Exequiel Palacios,MF,,40,Bayer 04 Leverkusen
Argentina,Nicolás González,MF,,51,Atlético Madrid
Argentina,Thiago Almada,FW,,16,Atlético Madrid
Argentina,Giuliano Simeone,FW,,13,Atlético Madrid
Argentina,Nico Paz,FW,,9,Como 1907
Argentina,Nicolás Otamendi,DF,,132,S.L. Benfica
Argentina,Alexis Mac Allister,MF,,46,Liverpool F.C.
Argentina,José Manuel López,FW,,5,SE Palmeiras
Argentina,Lautaro Martínez,FW,,77,Inter Milan
Argentina,Emiliano Martínez,GK,,59,Aston Villa F.C.
Argentina,Enzo Fernández,MF,,42,Chelsea F.C.
Argentina,Facundo Medina,DF,,9,Olympique de Marseille
Argentina,Nahuel Molina,DF,,58,Atlético Madrid
Austria,Alexander Schlager,GK,,26,FC Red Bull Salzburg
Austria,David Affengruber,DF,,1,Elche CF
Austria,Kevin Danso,DF,,32,Tottenham Hotspur F.C.
Austria,Xaver Schlager,MF,,51,RB Leipzig
Austria,Stefan Posch,DF,,52,1. FSV Mainz 05
Austria,Nicolas Seiwald,MF,,47,RB Leipzig
Austria,Marko Arnautović,FW,,133,Red Star Belgrade
Austria,David Alaba,DF,,113,Real Madrid CF
Austria,Marcel Sabitzer,MF,,98,Borussia Dortmund
Austria,Florian Grillitsch,MF,,58,S.C. Braga
Austria,Michael Gregoritsch,FW,,75,FC Augsburg
Austria,Florian Wiegele,GK,,1,FC Viktoria Plzeň
Austria,Patrick Pentz,GK,,18,Brøndby IF
Austria,Saša Kalajdžić,FW,,22,LASK
Austria,Philipp Lienhart,DF,,41,SC Freiburg
Austria,Phillipp Mwene,DF,,30,1. FSV Mainz 05
Austria,Carney Chukwuemeka,MF,,3,Borussia Dortmund
Austria,Romano Schmid,MF,,34,SV Werder Bremen
Austria,Dejan Ljubičić,MF,,9,FC Schalke 04
Austria,Konrad Laimer,MF,,57,FC Bayern Munich
Austria,Patrick Wimmer,FW,,30,VfL Wolfsburg
Austria,Alexander Prass,MF,,19,TSG 1899 Hoffenheim
Austria,Marco Friedl,DF,,11,SV Werder Bremen
Austria,Paul Wanner,MF,,3,PSV Eindhoven
Austria,Michael Svoboda,DF,,4,Venezia FC
Austria,Alessandro Schöpf,MF,,35,Wolfsberger AC
Jordan,Yazeed Abulaila,GK,,76,Al-Hussein SC
Jordan,Mohammad Abu Hashish,DF,,56,Al-Karma SC
Jordan,Abdallah Nasib,DF,,65,Al-Zawraa SC
Jordan,Husam Abu Dahab,DF,,18,Al-Faisaly SC
Jordan,Yazan Al-Arab,DF,,80,FC Seoul
Jordan,Amer Jamous,MF,,19,Al-Zawraa SC
Jordan,Mohammad Abu Zrayq,FW,,41,Raja CA
Jordan,Noor Al-Rawabdeh,MF,,68,Selangor F.C.
Jordan,Ali Olwan,FW,,66,Al-Sailiya SC
Jordan,Musa Al-Taamari,FW,,92,Stade Rennais FC
Jordan,Odeh Al-Fakhouri,FW,,10,Pyramids FC
Jordan,Nour Bani Attiah,GK,,5,Al-Faisaly SC
Jordan,Mahmoud Al-Mardi,FW,,89,Al-Hussein SC
Jordan,Rajaei Ayed,MF,,72,Al-Hussein SC
Jordan,Ibrahim Sadeh,MF,,57,Al-Karma SC
Jordan,Mo Abualnadi,DF,,18,Selangor F.C.
Jordan,Salim Obaid,DF,,11,Al-Hussein SC
Jordan,Mohammad Taha,MF,,2,Al-Hussein SC
Jordan,Saed Al-Rosan,DF,,21,Al-Hussein SC
Jordan,Mohannad Abu Taha,MF,,29,Al-Quwa Al-Jawiya
Jordan,Nizar Al-Rashdan,MF,,47,Qatar SC
Jordan,Abdallah Al-Fakhouri,GK,,11,Al-Wehdat SC
Jordan,Ihsan Haddad,DF,,92,Al-Hussein SC
Jordan,Ali Azaizeh,FW,,4,Al Shabab Club
Jordan,Mohammad Al-Dawoud,MF,,13,Al-Wehdat SC
Jordan,Anas Badawi,DF,,1,Al-Faisaly SC
Colombia,David Ospina,GK,,130,Atlético Nacional
Colombia,Daniel Muñoz,DF,,46,Crystal Palace F.C.
Colombia,Jhon Lucumí,DF,,37,Bologna FC 1909
Colombia,Santiago Arias,DF,,68,Club Atlético Independiente
Colombia,Kevin Castaño,MF,,25,Club Atlético River Plate
Colombia,Richard Ríos,MF,,32,S.L. Benfica
Colombia,Luis Díaz,FW,,74,FC Bayern Munich
Colombia,Jorge Carrascal,MF,,24,CR Flamengo
Colombia,Jhon Córdoba,FW,,21,FC Krasnodar
Colombia,James Rodríguez,MF,,126,Minnesota United FC
Colombia,Jhon Arias,MF,,38,SE Palmeiras
Colombia,Camilo Vargas,GK,,42,Atlas F.C.
Colombia,Yerry Mina,DF,,54,Cagliari Calcio
Colombia,Gustavo Puerta,DF,,6,Racing de Santander
Colombia,Juan Portilla,MF,,10,Club Athletico Paranaense
Colombia,Jefferson Lerma,MF,,65,Crystal Palace F.C.
Colombia,Johan Mojica,DF,,45,RCD Mallorca
Colombia,Willer Ditta,DF,,5,Cruz Azul
Colombia,Cucho Hernández,FW,,9,Real Betis
Colombia,Juan Fernando Quintero,MF,,49,Club Atlético River Plate
Colombia,Jaminton Campaz,FW,,10,Rosario Central
Colombia,Deiver Machado,DF,,15,FC Nantes
Colombia,Davinson Sánchez,DF,,79,Galatasaray S.K.
Colombia,Álvaro Montero,GK,,12,Club Atlético Vélez Sarsfield
Colombia,Luis Suárez,FW,,12,Sporting CP
Colombia,Andrés Gómez,FW,,8,CR Vasco da Gama
Congo DR,Lionel Mpasi,GK,,29,Le Havre AC
Congo DR,Aaron Wan-Bissaka,DF,,12,West Ham United F.C.
Congo DR,Steve Kapuadi,DF,,4,Widzew Łódź
Congo DR,Axel Tuanzebe,DF,,14,Burnley F.C.
Congo DR,Dylan Batubinsika,DF,,14,Athlitiki Enosi Larissa F.C.
Congo DR,Ngal'ayel Mukau,MF,,14,Lille OSC
Congo DR,Nathanaël Mbuku,MF,,19,Montpellier HSC
Congo DR,Samuel Moutoussamy,MF,,58,Atromitos F.C.
Congo DR,Brian Cipenga,FW,,8,CD Castellón
Congo DR,Théo Bongonda,MF,,38,FC Spartak Moscow
Congo DR,Gaël Kakuta,FW,,31,Athlitiki Enosi Larissa F.C.
Congo DR,Joris Kayembe,DF,,26,KRC Genk
Congo DR,Meschak Elia,FW,,69,Alanyaspor
Congo DR,Noah Sadiki,MF,,20,Sunderland A.F.C.
Congo DR,Aaron Tshibola,MF,,17,Kilmarnock F.C.
Congo DR,Timothy Fayulu,GK,,3,FC Noah
Congo DR,Cédric Bakambu,FW,,70,Real Betis
Congo DR,Charles Pickel,MF,,34,RCD Espanyol
Congo DR,Fiston Mayele,FW,,37,Pyramids FC
Congo DR,Yoane Wissa,FW,,38,Newcastle United F.C.
Congo DR,Matthieu Epolo,GK,,1,Standard Liège
Congo DR,Chancel Mbemba,DF,,109,Lille OSC
Congo DR,Simon Banza,FW,,15,Al Jazira Club
Congo DR,Gédéon Kalulu,DF,,28,Aris Limassol FC
Congo DR,Edo Kayembe,MF,,43,Watford F.C.
Congo DR,Arthur Masuaku,DF,,45,RC Lens
Portugal,Diogo Costa,GK,,43,FC Porto
Portugal,Nélson Semedo,DF,,50,Fenerbahçe S.K.
Portugal,Rúben Dias,DF,,76,Manchester City F.C.
Portugal,Tomás Araújo,DF,,5,S.L. Benfica
Portugal,Diogo Dalot,DF,,35,Manchester United F.C.
Portugal,Matheus Nunes,MF,,20,Manchester City F.C.
Portugal,Cristiano Ronaldo,FW,,228,Al-Nassr FC
Portugal,Bruno Fernandes,MF,,89,Manchester United F.C.
Portugal,Gonçalo Ramos,FW,,25,Paris Saint-Germain FC
Portugal,Bernardo Silva,MF,,109,Manchester City F.C.
Portugal,João Félix,FW,,54,Al-Nassr FC
Portugal,José Sá,GK,,5,Wolverhampton Wanderers F.C.
Portugal,Renato Veiga,DF,,13,Villarreal CF
Portugal,Gonçalo Inácio,DF,,22,Sporting CP
Portugal,João Neves,MF,,22,Paris Saint-Germain FC
Portugal,Francisco Trincão,FW,,18,Sporting CP
Portugal,Rafael Leão,FW,,44,AC Milan
Portugal,Pedro Neto,FW,,25,Chelsea F.C.
Portugal,Gonçalo Guedes,FW,,34,Real Sociedad
Portugal,João Cancelo,DF,,68,FC Barcelona
Portugal,Rúben Neves,MF,,67,Al Hilal SFC
Portugal,Rui Silva,GK,,3,Sporting CP
Portugal,Vitinha,MF,,38,Paris Saint-Germain FC
Portugal,Samú Costa,DF,,6,RCD Mallorca
Portugal,Nuno Mendes,DF,,44,Paris Saint-Germain FC
Portugal,Francisco Conceição,FW,,17,Juventus FC
Uzbekistan,Utkir Yusupov,GK,,40,PFC Navbahor Namangan
Uzbekistan,Abdukodir Khusanov,DF,,27,Manchester City F.C.
Uzbekistan,Khojiakbar Alijonov,DF,,40,Pakhtakor FC
Uzbekistan,Farrukh Sayfiev,DF,,46,FC Neftchi Fergana
Uzbekistan,Rustam Ashurmatov,DF,,49,Esteghlal F.C.
Uzbekistan,Akmal Mozgovoy,MF,,25,Pakhtakor FC
Uzbekistan,Otabek Shukurov,MF,,84,Baniyas Club
Uzbekistan,Jamshid Iskanderov,MF,,38,FC Neftchi Fergana
Uzbekistan,Odiljon Hamrobekov,MF,,72,Tractor S.C.
Uzbekistan,Ruslanbek Jiyanov,MF,,5,PFC Navbahor Namangan
Uzbekistan,Oston Urunov,MF,,42,Persepolis F.C.
Uzbekistan,Abduvohid Nematov,GK,,8,FC Nasaf
Uzbekistan,Sherzod Nasrullaev,DF,,31,FC Nasaf
Uzbekistan,Eldor Shomurodov,FW,,92,İstanbul Başakşehir F.K.
Uzbekistan,Umar Eshmurodov,DF,,29,FC Nasaf
Uzbekistan,Botirali Ergashev,GK,,2,FC Neftchi Fergana
Uzbekistan,Dostonbek Khamdamov,MF,,34,Pakhtakor FC
Uzbekistan,Abdulla Abdullaev,DF,,17,Dibba FC
Uzbekistan,Azizjon Ganiev,MF,,19,Al Bataeh Club
Uzbekistan,Azizbek Amonov,FW,,12,FC Dinamo Samarqand
Uzbekistan,Igor Sergeev,FW,,83,Persepolis F.C.
Uzbekistan,Abbosbek Fayzullaev,MF,,32,İstanbul Başakşehir F.K.
Uzbekistan,Sherzod Esanov,MF,,1,FC Bukhara
Uzbekistan,Bekhruz Karimov,DF,,2,FC Surkhon
Uzbekistan,Avazbek Ulmasaliev,DF,,0,FC AGMK
Uzbekistan,Jakhongir Urozov,DF,,4,FC Dinamo Samarqand
Croatia,Dominik Livaković,GK,,75,GNK Dinamo Zagreb
Croatia,Josip Stanišić,DF,,31,FC Bayern Munich
Croatia,Marin Pongračić,DF,,20,ACF Fiorentina
Croatia,Joško Gvardiol,DF,,48,Manchester City F.C.
Croatia,Duje Ćaleta-Car,DF,,38,Real Sociedad
Croatia,Josip Šutalo,DF,,33,AFC Ajax
Croatia,Nikola Moro,MF,,10,Bologna FC 1909
Croatia,Mateo Kovačić,MF,,113,Manchester City F.C.
Croatia,Andrej Kramarić,FW,,116,TSG 1899 Hoffenheim
Croatia,Luka Modrić,MF,,198,AC Milan
Croatia,Ante Budimir,FW,,38,CA Osasuna
Croatia,Ivor Pandur,GK,,0,Hull City A.F.C.
Croatia,Nikola Vlašić,MF,,63,Torino FC
Croatia,Ivan Perišić,FW,,154,PSV Eindhoven
Croatia,Mario Pašalić,MF,,85,Atalanta BC
Croatia,Martin Baturina,MF,,19,Como 1907
Croatia,Petar Sučić,MF,,17,Inter Milan
Croatia,Kristijan Jakić,DF,,17,FC Augsburg
Croatia,Toni Fruk,MF,,7,HNK Rijeka
Croatia,Igor Matanović,FW,,9,SC Freiburg
Croatia,Luka Sučić,MF,,21,Real Sociedad
Croatia,Luka Vušković,DF,,5,Hamburger SV
Croatia,Dominik Kotarski,GK,,4,F.C. Copenhagen
Croatia,Marco Pašalić,FW,,15,Orlando City SC
Croatia,Martin Erlić,DF,,13,FC Midtjylland
Croatia,Petar Musa,FW,,11,FC Dallas
England,Jordan Pickford,GK,,84,Everton F.C.
England,Ezri Konsa,DF,,20,Aston Villa F.C.
England,Nico O'Reilly,DF,,5,Manchester City F.C.
England,Declan Rice,MF,,73,Arsenal F.C.
England,John Stones,DF,,89,Manchester City F.C.
England,Marc Guéhi,DF,,29,Manchester City F.C.
England,Bukayo Saka,FW,,49,Arsenal F.C.
England,Elliot Anderson,MF,,9,Nottingham Forest F.C.
England,Harry Kane,FW,,114,FC Bayern Munich
England,Jude Bellingham,MF,,48,Real Madrid CF
England,Marcus Rashford,FW,,72,FC Barcelona
England,Trevoh Chalobah,DF,,1,Chelsea F.C.
England,Dean Henderson,GK,,5,Crystal Palace F.C.
England,Jordan Henderson,MF,,90,Brentford F.C.
England,Dan Burn,DF,,8,Newcastle United F.C.
England,Kobbie Mainoo,MF,,14,Manchester United F.C.
England,Morgan Rogers,MF,,15,Aston Villa F.C.
England,Anthony Gordon,FW,,19,Newcastle United F.C.
England,Ollie Watkins,FW,,22,Aston Villa F.C.
England,Noni Madueke,FW,,11,Arsenal F.C.
England,Eberechi Eze,MF,,17,Arsenal F.C.
England,Ivan Toney,FW,,8,Al-Ahli Saudi FC
England,James Trafford,GK,,2,Manchester City F.C.
England,Reece James,DF,,24,Chelsea F.C.
England,Djed Spence,DF,,6,Tottenham Hotspur F.C.
England,Jarell Quansah,DF,,3,Bayer 04 Leverkusen
Ghana,Lawrence Ati-Zigi,GK,,29,FC St. Gallen
Ghana,Alidu Seidu,DF,,24,Stade Rennais FC
Ghana,Caleb Yirenkyi,MF,,11,FC Nordsjælland
Ghana,Jonas Adjetey,DF,,10,VfL Wolfsburg
Ghana,Thomas Partey,MF,,57,Villarreal CF
Ghana,Abdul Mumin,DF,,5,Rayo Vallecano
Ghana,Abdul Fatawu,FW,,28,Leicester City F.C.
Ghana,Kwasi Sibo,MF,,8,Real Oviedo
Ghana,Jordan Ayew,FW,,120,Leicester City F.C.
Ghana,Brandon Thomas-Asante,FW,,8,Coventry City F.C.
Ghana,Antoine Semenyo,MF,,34,Manchester City F.C.
Ghana,Joseph Anang,GK,,1,St Patrick's Athletic F.C.
Ghana,Christopher Bonsu Baah,FW,,9,Al Qadsiah FC
Ghana,Gideon Mensah,DF,,40,AJ Auxerre
Ghana,Elisha Owusu,MF,,20,AJ Auxerre
Ghana,Benjamin Asare,GK,,11,Accra Hearts of Oak S.C.
Ghana,Abdul Rahman Baba,DF,,51,PAOK FC
Ghana,Jerome Opoku,DF,,11,İstanbul Başakşehir F.K.
Ghana,Iñaki Williams,FW,,26,Athletic Bilbao
Ghana,Augustine Boakye,MF,,0,AS Saint-Étienne
Ghana,Kojo Peprah Oppong,DF,,4,OGC Nice
Ghana,Kamaldeen Sulemana,FW,,28,Atalanta BC
Ghana,Derrick Luckassen,DF,,1,Pafos FC
Ghana,Ernest Nuamah,FW,,18,Olympique Lyonnais
Ghana,Prince Kwabena Adu,FW,,5,FC Viktoria Plzeň
Ghana,Marvin Senaya,DF,,2,AJ Auxerre
Panama,Luis Mejía,GK,,56,Club Nacional de Football
Panama,César Blackman,DF,,40,ŠK Slovan Bratislava
Panama,José Córdoba,DF,,32,Norwich City F.C.
Panama,Fidel Escobar,DF,,99,Deportivo Saprissa
Panama,Edgardo Fariña,DF,,18,FC Pari Nizhny Novgorod
Panama,Cristian Martínez,MF,,66,Hapoel Ironi Kiryat Shmona F.C.
Panama,José Luis Rodríguez,MF,,70,FC Juárez
Panama,Adalberto Carrasquilla,MF,,73,Pumas UNAM
Panama,Tomás Rodríguez,FW,,13,Deportivo Saprissa
Panama,Ismael Díaz,MF,,57,Club León
Panama,Yoel Bárcenas,MF,,104,Mazatlán F.C.
Panama,César Samudio,GK,,5,C.D. Marathón
Panama,Jiovany Ramos,DF,,23,Academia Puerto Cabello
Panama,Carlos Harvey,DF,,28,Minnesota United FC
Panama,Eric Davis,DF,,107,C.D. Plaza Amador
Panama,Andrés Andrade,DF,,50,LASK
Panama,José Fajardo,FW,,68,C.D. Universidad Católica
Panama,Cecilio Waterman,FW,,55,C.D. Universidad de Concepción
Panama,Alberto Quintero,MF,,141,C.D. Plaza Amador
Panama,Aníbal Godoy,MF,,159,San Diego FC
Panama,César Yanis,MF,,56,Cobresal
Panama,Orlando Mosquera,GK,,48,Al-Fayha Club
Panama,Michael Amir Murillo,DF,,94,Beşiktaş J.K.
Panama,Azarias Londoño,FW,,11,C.D. Universidad Católica
Panama,Roderick Miller,DF,,50,Turan Tovuz
Panama,Jorge Gutiérrez,DF,,18,Deportivo La Guaira F.C.
